Symbol,ARR_ATOM_CXX_F1XAT,ARR_ATOM_CXX_F2XAT,ARR_ATOM_CXX_F3XAT
\s0\,1,2,3
\s1\,AT,CCF,CCF
\s2\,ARR_ATOM_CXX_Rules.QA_HOT_Default(,,
\s3\,",__shared__::FlowMatrixSingular.AT_LFM_VMIN_RAIN_KILL,__shared__::FlowMatrixSingular.AT_HIGH_SEARCH_VALUE)",,
\s4\,"others,ARR_ATOM_CXX.volcon_pmux","others,ARR_ATOM_CXX.volcon_pmux",f3
\s5\,"others,ARR_ATOM_CXX.volcon_pmux_s16c,ARR_ATOM_CXX.volcon_pmux_s16c,ARR_ATOM_CXX.volcon_pmux_s16c,ARR_ATOM_CXX.volcon_pmux","others,ARR_ATOM_CXX.volcon_pmux_s16c,ARR_ATOM_CXX.volcon_pmux_s16c,ARR_ATOM_CXX.volcon_pmux_s16c,ARR_ATOM_CXX.volcon_pmux",f3
\s6\,,,"f3_others,ARR_ATOM_CXX.volcon_pmux_f3_others,ARR_ATOM_CXX.volcon_pmux_f3_s16c,ARR_ATOM_CXX.volcon_pmux_f3_s16c,ARR_ATOM_CXX.volcon_pmux_f3_others,ARR_ATOM_CXX.volcon_pmux_f3_"
\s7\,,,_master
\s8\,,,"f3_others,ARR_ATOM_CXX.volcon_pmux_f3_s16c,ARR_ATOM_CXX.volcon_pmux_f3_s16c,ARR_ATOM_CXX.volcon_pmux_f3_s16c,ARR_ATOM_CXX.volcon_pmux_f3_others,ARR_ATOM_CXX.volcon_pmux_f3_"
